{"cameraMode":{"drawMode":0,"name":"Shaded","section":"Shading Mode"},"sceneLighting":true,"audioPlay":false,"sceneViewState":{"showFog":true,"showMaterialUpdate":false,"showSkybox":true,"showFlares":true,"showImageEffects":true,"showParticleSystems":true},"in2DMode":false,"pivot":{"x":1.5739415884017945,"y":1.1530284881591797,"z":1.0055060386657715},"rotation":{"x":-0.0604715570807457,"y":-0.3069220781326294,"z":-0.019536299630999566,"w":0.9496312141418457},"size":2.888012647628784,"orthographic":false}